chr1	0	10000	chr1	0	10000	1496.9450050952928
chr1	10000	20000	chr1	10000	20000	0.006888807181237927
chr1	10000	20000	chr1	248820000	248830000	10.832810422955534
chr1	10000	20000	chr2	86230000	86240000	12.84760555569558
chr1	10000	20000	chr2	166060000	166070000	28.32697007197165
chr1	10000	20000	chr3	10000	20000	64.91414124794069
chr1	10000	20000	chr4	108140000	108150000	24.8881923780239
chr1	10000	20000	chr8	32690000	32700000	28.350829917399874
chr1	10000	20000	chr10	132510000	132520000	16.101775707301766
chr1	10000	20000	chr12	54070000	54080000	16.971016671776123
chr1	10000	20000	chr15	101980000	101990000	1233.724799589064
chr1	10000	20000	chr18	300000	310000	16.11569763238694
chr1	10000	20000	chr19	310000	320000	24.815708225709077
chr1	10000	20000	chr21	46670000	46680000	19.048568821260655
chr1	20000	30000	chr1	20000	30000	1496.9450050952928
chr1	30000	40000	chr1	30000	40000	0.2829390543751866
chr1	30000	40000	chr1	111970000	111980000	88.10086604043448
chr1	30000	40000	chr1	207800000	207810000	82.29981184946018
chr1	30000	40000	chr1	227830000	227840000	104.39908643404887
chr1	30000	40000	chr2	217180000	217190000	112.47945221869622
chr1	30000	40000	chr3	185660000	185670000	117.86570076208965
chr1	30000	40000	chr4	94630000	94640000	123.13627081692383
chr1	30000	40000	chr4	184200000	184210000	84.80370607285677
chr1	30000	40000	chr5	2490000	2500000	80.50267162710675
chr1	30000	40000	chr5	179010000	179020000	158.73442005754274
chr1	30000	40000	chr6	162000000	162010000	148.56558083887552
chr1	30000	40000	chr7	108280000	108290000	60.094598926492445
chr1	30000	40000	chr9	124850000	124860000	92.3383630169207
chr1	30000	40000	chr9	132940000	132950000	105.75919459368691
chr1	30000	40000	chr14	21470000	21480000	137.5823446879209
chr1	40000	50000	chr1	40000	50000	299.1440906190057
chr1	40000	50000	chr3	51880000	51890000	1197.8009149262869
chr1	50000	60000	chr1	50000	60000	0.00608771348911473
chr1	50000	60000	chr1	80000	90000	293.1904755828425
chr1	50000	60000	chr1	153200000	153210000	19.572783019546264
chr1	50000	60000	chr1	187540000	187550000	35.28680721106465
chr1	50000	60000	chr2	14380000	14390000	30.02571031512338
chr1	50000	60000	chr2	24910000	24920000	16.386591367617733
chr1	50000	60000	chr2	61860000	61870000	14.991116712898018
chr1	50000	60000	chr2	85460000	85470000	9.68396533475375
chr1	50000	60000	chr2	101600000	101610000	15.959464245157378
chr1	50000	60000	chr2	129800000	129810000	18.940852606712202
chr1	50000	60000	chr3	138670000	138680000	18.784800456888387
chr1	50000	60000	chr4	2720000	2730000	15.516342541904164
chr1	50000	60000	chr4	36760000	36770000	21.50248176165341
chr1	50000	60000	chr4	42160000	42170000	16.76780696392917
chr1	50000	60000	chr4	127560000	127570000	15.209118277620568
chr1	50000	60000	chr4	167190000	167200000	28.188079982558886
chr1	50000	60000	chr5	5510000	5520000	20.773109355559075
chr1	50000	60000	chr5	14110000	14120000	14.704842301346021
chr1	50000	60000	chr6	36660000	36670000	14.54055324613263
chr1	50000	60000	chr6	43670000	43680000	12.213704660429594
chr1	50000	60000	chr6	148840000	148850000	34.64657169368534
chr1	50000	60000	chr6	156680000	156690000	13.100886052005396
chr1	50000	60000	chr6	160650000	160660000	17.749812851679536
chr1	50000	60000	chr7	99310000	99320000	11.856276005576257
chr1	50000	60000	chr8	115730000	115740000	25.52400339048456
chr1	50000	60000	chr9	33170000	33180000	16.95677947707847
chr1	50000	60000	chr11	37490000	37500000	49.43202098404276
chr1	50000	60000	chr11	91860000	91870000	17.16887949300386
chr1	50000	60000	chr11	112830000	112840000	14.979873041143264
chr1	50000	60000	chr15	51300000	51310000	13.986699684575788
chr1	50000	60000	chr15	84140000	84150000	26.5909343936557
chr1	50000	60000	chr15	92330000	92340000	19.025965811236023
chr1	50000	60000	chr15	101020000	101030000	11.832642581231195
chr1	50000	60000	chr15	101060000	101070000	13.68324426634511
chr1	50000	60000	chr15	101390000	101400000	15.653101197530354
chr1	50000	60000	chr16	23760000	23770000	14.525380604607257
chr1	50000	60000	chr18	23400000	23410000	13.242343277339517
chr1	50000	60000	chr19	240000	250000	118.75192059525898
chr1	50000	60000	chr19	250000	260000	75.06162743155414
chr1	50000	60000	chr19	260000	270000	16.38495570184116
chr1	50000	60000	chr19	270000	280000	33.09054826210067
chr1	50000	60000	chr19	340000	350000	22.59597105970003
chr1	50000	60000	chr19	500000	510000	19.04239447119216
chr1	50000	60000	chr19	1690000	1700000	13.249290691670442
chr1	50000	60000	chr19	2860000	2870000	39.992756166439094
chr1	50000	60000	chr19	4150000	4160000	14.260258255454392
chr1	50000	60000	chr19	5140000	5150000	14.044663233594518
chr1	50000	60000	chr19	6950000	6960000	19.415765661349194
chr1	50000	60000	chr19	11590000	11600000	13.495568372651373
chr1	50000	60000	chr20	33000000	33010000	17.35861202123767
chr1	50000	60000	chr20	37060000	37070000	20.65732577248398
chr1	50000	60000	chr20	45060000	45070000	18.513654521158553
chr1	50000	60000	chr20	57460000	57470000	11.786673148387196
chr1	50000	60000	chr21	41570000	41580000	16.158347216603335
chr1	50000	60000	chr21	45090000	45100000	7.983239507889802
chr1	50000	60000	chr22	30700000	30710000	31.973661280659385
chr1	50000	60000	chr22	45680000	45690000	10.927664732547356
chr1	60000	70000	chr1	60000	70000	0.010453506178643376
chr1	60000	70000	chr1	44530000	44540000	16.795322022564783
chr1	60000	70000	chr1	96410000	96420000	31.155048368691347
chr1	60000	70000	chr1	183280000	183290000	13.780656157840237
chr1	60000	70000	chr1	207480000	207490000	23.52988031789353
chr1	60000	70000	chr1	234560000	234570000	17.39997902403491
chr1	60000	70000	chr2	7320000	7330000	28.341700833779154
chr1	60000	70000	chr2	30370000	30380000	20.58738907634133
chr1	60000	70000	chr2	30500000	30510000	25.863054308268644
chr1	60000	70000	chr2	38270000	38280000	22.21894237130484
chr1	60000	70000	chr2	88590000	88600000	28.571584760792916
chr1	60000	70000	chr2	129260000	129270000	33.26358441564234
chr1	60000	70000	chr3	28560000	28570000	33.083566051713966
chr1	60000	70000	chr3	183510000	183520000	20.449113798037082
chr1	60000	70000	chr4	24410000	24420000	23.528473812086556
chr1	60000	70000	chr5	320000	330000	22.305542481089567
chr1	60000	70000	chr5	157340000	157350000	20.25365052755776
chr1	60000	70000	chr7	16450000	16460000	22.425544180577763
chr1	60000	70000	chr7	79120000	79130000	35.1939549319094
chr1	60000	70000	chr7	98550000	98560000	16.955075046094642
chr1	60000	70000	chr7	147360000	147370000	35.42884949338762
chr1	60000	70000	chr8	22150000	22160000	24.565262562743854
chr1	60000	70000	chr8	30170000	30180000	21.441123339408545
chr1	60000	70000	chr8	145060000	145070000	18.223429030449193
chr1	60000	70000	chr11	74510000	74520000	21.08015476693159
chr1	60000	70000	chr12	1190000	1200000	25.607818189541085
chr1	60000	70000	chr12	50150000	50160000	25.814500753607483
chr1	60000	70000	chr12	84190000	84200000	40.01425786241998
chr1	60000	70000	chr12	121410000	121420000	26.00212951946045
chr1	60000	70000	chr14	23810000	23820000	31.131065160680794
chr1	60000	70000	chr14	86300000	86310000	54.86883440576939
chr1	60000	70000	chr14	105070000	105080000	35.76012504911155
chr1	60000	70000	chr15	83190000	83200000	28.822008772177806
chr1	60000	70000	chr15	89450000	89460000	8.838750669781108
chr1	60000	70000	chr15	93070000	93080000	21.236606447346965
chr1	60000	70000	chr15	101010000	101020000	18.917718452032243
chr1	60000	70000	chr15	101310000	101320000	21.827970098847043
chr1	60000	70000	chr15	101660000	101670000	22.54151808471534
chr1	60000	70000	chr16	50000	60000	14.18057878191279
chr1	60000	70000	chr16	19000000	19010000	12.560726246113136
chr1	60000	70000	chr16	70790000	70800000	13.041935051023746
chr1	60000	70000	chr16	84630000	84640000	12.984765935989932
chr1	60000	70000	chr16	87350000	87360000	11.94506557950033
chr1	60000	70000	chr17	40340000	40350000	24.66233973641033
chr1	60000	70000	chr17	75340000	75350000	21.200736931685775
chr1	60000	70000	chr17	78890000	78900000	15.492238607236926
chr1	60000	70000	chr18	22870000	22880000	21.91711600242882
chr1	60000	70000	chr19	250000	260000	49.18037867471031
chr1	60000	70000	chr19	350000	360000	47.965064029948515
chr1	60000	70000	chr19	360000	370000	22.531342456190266
chr1	60000	70000	chr19	490000	500000	29.511335296359295
chr1	60000	70000	chr19	3390000	3400000	5.163297025357245
chr1	60000	70000	chr19	5000000	5010000	20.58982086444263
chr1	60000	70000	chr19	5970000	5980000	16.687594413632755
chr1	60000	70000	chr19	7140000	7150000	22.288262645172594
chr1	60000	70000	chr19	8020000	8030000	17.067537685208542
chr1	60000	70000	chr19	9100000	9110000	20.35339446865616
chr1	60000	70000	chr19	43620000	43630000	15.642425818053693
chr1	60000	70000	chr19	57100000	57110000	28.279850247468666
chr1	60000	70000	chr20	45440000	45450000	4.832368173921144
chr1	60000	70000	chr20	62140000	62150000	16.701217149622423
chr1	60000	70000	chr21	43920000	43930000	13.68027824247151
chr1	60000	70000	chr22	19420000	19430000	9.294416639827697
chr1	60000	70000	chr22	25970000	25980000	21.891507124568385
chr1	60000	70000	chrX	103480000	103490000	27.48445528085028
chr1	60000	70000	chrX	123540000	123550000	21.980317215721545
chr1	70000	80000	chr1	70000	80000	0.07574315838767291
chr1	70000	80000	chr1	12170000	12180000	34.68944115558453
chr1	70000	80000	chr2	9550000	9560000	56.69689424492385
chr1	70000	80000	chr5	138310000	138320000	119.57704840546066
chr1	70000	80000	chr6	16600000	16610000	49.58280357734227
chr1	70000	80000	chr8	58740000	58750000	65.49384083810922
chr1	70000	80000	chr11	68950000	68960000	66.91748159727051
chr1	70000	80000	chr14	52360000	52370000	68.96043378821115
chr1	70000	80000	chr15	72080000	72090000	48.83181503581662
chr1	70000	80000	chr15	100210000	100220000	65.28696556060058
chr1	70000	80000	chr19	300000	310000	77.18091614101219
chr1	70000	80000	chr19	310000	320000	82.28607838355394
chr1	70000	80000	chr19	470000	480000	59.53542527808458
chr1	70000	80000	chr19	530000	540000	121.20903175499416
chr1	70000	80000	chr19	560000	570000	92.02260687636377
chr1	70000	80000	chr19	3300000	3310000	52.13792529209991
chr1	70000	80000	chr19	5430000	5440000	50.46612743871213
chr1	70000	80000	chr19	11080000	11090000	51.63804501438294
chr1	70000	80000	chr19	18010000	18020000	54.02754658232167
chr1	70000	80000	chr19	18990000	19000000	47.49354460358192
chr1	70000	80000	chr19	56990000	57000000	71.72799617183726
chr1	70000	80000	chr21	35970000	35980000	56.34315661916913
chr1	70000	80000	chrX	50650000	50660000	104.76414056700848
chr1	80000	90000	chr1	80000	90000	141.2049281437907
chr1	80000	90000	chr1	6690000	6700000	12.7582893717371
chr1	80000	90000	chr1	31890000	31900000	6.848132382762247
chr1	80000	90000	chr1	35300000	35310000	4.984245852808524
chr1	80000	90000	chr1	51870000	51880000	5.365970147869165
chr1	80000	90000	chr1	154950000	154960000	5.4632616805088166
chr1	80000	90000	chr2	61860000	61870000	7.219874336122252
chr1	80000	90000	chr2	170960000	170970000	5.541029735334597
chr1	80000	90000	chr3	12830000	12840000	5.072081953119073
chr1	80000	90000	chr3	30500000	30510000	12.551204807874004
chr1	80000	90000	chr3	39360000	39370000	8.501440169070662
chr1	80000	90000	chr3	52030000	52040000	6.668622723956883
chr1	80000	90000	chr3	111860000	111870000	11.23551820377432
chr1	80000	90000	chr4	2960000	2970000	7.539233014045439
chr1	80000	90000	chr4	29630000	29640000	18.49221831406827
chr1	80000	90000	chr4	77120000	77130000	6.478043690185395
chr1	80000	90000	chr4	91540000	91550000	18.71992841852544
chr1	80000	90000	chr5	70000	80000	8.187256360358933
chr1	80000	90000	chr5	138980000	138990000	5.933160350976997
chr1	80000	90000	chr5	139190000	139200000	6.154177768700278
chr1	80000	90000	chr5	175170000	175180000	10.769864156609449
chr1	80000	90000	chr5	178410000	178420000	6.953829222698059
chr1	80000	90000	chr6	7380000	7390000	5.687860420787083
chr1	80000	90000	chr6	35970000	35980000	8.158545774269824
chr1	80000	90000	chr6	50180000	50190000	13.386863984027784
chr1	80000	90000	chr6	157990000	158000000	4.902280879167641
chr1	80000	90000	chr7	1310000	1320000	7.087296653366285
chr1	80000	90000	chr7	5280000	5290000	9.62478403802401
chr1	80000	90000	chr7	65860000	65870000	13.340943656920922
chr1	80000	90000	chr7	74070000	74080000	5.407335977700295
chr1	80000	90000	chr7	102900000	102910000	8.185816304922952
chr1	80000	90000	chr8	67030000	67040000	6.203624221760401
chr1	80000	90000	chr9	11130000	11140000	15.254503213873988
chr1	80000	90000	chr9	33150000	33160000	7.444374515632581
chr1	80000	90000	chr9	97960000	97970000	5.6503960306276415
chr1	80000	90000	chr9	121370000	121380000	6.399808176938868
chr1	80000	90000	chr9	125280000	125290000	8.732328467462079
chr1	80000	90000	chr9	127250000	127260000	8.952542587461306
chr1	80000	90000	chr9	133110000	133120000	7.3391053620269
chr1	80000	90000	chr9	134310000	134320000	7.442957864322031
chr1	80000	90000	chr9	138130000	138140000	15.378687007942395
chr1	80000	90000	chr10	97220000	97230000	8.903075652160407
chr1	80000	90000	chr10	101840000	101850000	17.828226387489266
chr1	80000	90000	chr11	9330000	9340000	8.356101822986346
chr1	80000	90000	chr11	64570000	64580000	1.8197168576756568
chr1	80000	90000	chr11	72330000	72340000	6.666084672548976
chr1	80000	90000	chr11	90410000	90420000	15.204607548015234
chr1	80000	90000	chr12	360000	370000	11.16853661710959
chr1	80000	90000	chr12	50640000	50650000	7.507864801342627
chr1	80000	90000	chr12	126090000	126100000	12.773749959487661
chr1	80000	90000	chr12	133080000	133090000	9.583403415797193
chr1	80000	90000	chr14	33910000	33920000	8.991220305746245
chr1	80000	90000	chr14	103380000	103390000	7.998041242396413
chr1	80000	90000	chr15	40010000	40020000	7.9921207284009705
chr1	80000	90000	chr15	66390000	66400000	6.934641674836668
chr1	80000	90000	chr15	72480000	72490000	8.746540427975605
chr1	80000	90000	chr15	101520000	101530000	7.253271379329367
chr1	80000	90000	chr15	101800000	101810000	8.919781757872391
chr1	80000	90000	chr16	2710000	2720000	7.580496457763175
chr1	80000	90000	chr16	31570000	31580000	8.922417564883336
chr1	80000	90000	chr16	89320000	89330000	8.729734038355927
chr1	80000	90000	chr16	89910000	89920000	7.7700286335497895
chr1	80000	90000	chr16	90090000	90100000	51.79868761015213
chr1	80000	90000	chr17	30370000	30380000	7.080085197350573
chr1	80000	90000	chr17	33200000	33210000	6.7539487060609975
chr1	80000	90000	chr17	39670000	39680000	7.011240719819885
chr1	80000	90000	chr17	45000000	45010000	6.110030434633113
chr1	80000	90000	chr17	80340000	80350000	5.7774986367143795
chr1	80000	90000	chr17	82480000	82490000	6.382276955975848
chr1	80000	90000	chr19	250000	260000	18.075221742966573
chr1	80000	90000	chr19	260000	270000	15.782322749637807
chr1	80000	90000	chr19	270000	280000	23.905117084460056
chr1	80000	90000	chr19	280000	290000	24.692423799548237
chr1	80000	90000	chr19	430000	440000	8.901065866550406
chr1	80000	90000	chr19	460000	470000	17.29042200606985
chr1	80000	90000	chr19	470000	480000	8.128801351080424
chr1	80000	90000	chr19	500000	510000	9.171010924262143
chr1	80000	90000	chr19	520000	530000	8.175669006791841
chr1	80000	90000	chr19	530000	540000	8.274772007514633
chr1	80000	90000	chr19	580000	590000	6.305069964213277
chr1	80000	90000	chr19	600000	610000	7.642269317130958
chr1	80000	90000	chr19	630000	640000	8.626804663164682
chr1	80000	90000	chr19	640000	650000	14.451731002034075
chr1	80000	90000	chr19	710000	720000	8.494804799383303
chr1	80000	90000	chr19	800000	810000	9.589047934691836
chr1	80000	90000	chr19	990000	1000000	11.34406360990773
chr1	80000	90000	chr19	1030000	1040000	8.365375549077216
chr1	80000	90000	chr19	1270000	1280000	8.87527950155621
chr1	80000	90000	chr19	1540000	1550000	7.8900296348447245
chr1	80000	90000	chr19	1590000	1600000	7.935000421434336
chr1	80000	90000	chr19	2590000	2600000	11.362604717588864
chr1	80000	90000	chr19	3520000	3530000	7.730505957754314
chr1	80000	90000	chr19	6590000	6600000	2.007240761826472
chr1	80000	90000	chr19	6630000	6640000	7.7942441908731395
chr1	80000	90000	chr19	7270000	7280000	6.774457402774485
chr1	80000	90000	chr19	14140000	14150000	7.501197769699878
chr1	80000	90000	chr19	14530000	14540000	8.082414585270152
chr1	80000	90000	chr19	14720000	14730000	7.924439875074993
chr1	80000	90000	chr19	14970000	14980000	8.188985426442557
chr1	80000	90000	chr19	18440000	18450000	8.550685029199341
chr1	80000	90000	chr19	32190000	32200000	7.045169400975745
chr1	80000	90000	chr19	33710000	33720000	5.570528035209413
chr1	80000	90000	chr19	39340000	39350000	5.789337577685306
chr1	80000	90000	chr19	45210000	45220000	7.147866812692312
chr1	80000	90000	chr19	46660000	46670000	6.0661896385541985
chr1	80000	90000	chr19	56030000	56040000	7.1769996497386614
chr1	80000	90000	chr20	33900000	33910000	6.272227075666765
chr1	80000	90000	chr21	44520000	44530000	9.537542195477881
chr1	80000	90000	chr22	21020000	21030000	2.065131827919124
chr1	80000	90000	chr22	36890000	36900000	11.064813835090723
chr1	80000	90000	chr22	38570000	38580000	10.247372834008235
chr1	80000	90000	chr22	39640000	39650000	7.966774920955287
chr1	80000	90000	chr22	50100000	50110000	8.690455694993089
chr1	80000	90000	chrX	40850000	40860000	14.095053488885814
chr1	80000	90000	chrX	155990000	156000000	9.40019274285743
chr1	90000	100000	chr1	90000	100000	0.04255747292875269
chr1	90000	100000	chr1	25070000	25080000	33.91260165652223
chr1	90000	100000	chr1	224800000	224810000	48.99385166686474
chr1	90000	100000	chr2	46110000	46120000	40.87934462680809
chr1	90000	100000	chr2	230060000	230070000	29.502729539842676
chr1	90000	100000	chr4	340000	350000	63.56950602015187
chr1	90000	100000	chr4	67550000	67560000	58.4236694746779
chr1	90000	100000	chr7	103960000	103970000	44.35034129717748
chr1	90000	100000	chr9	137740000	137750000	41.29919839074471
chr1	90000	100000	chr10	79790000	79800000	196.37777112332904
chr1	90000	100000	chr16	90210000	90220000	544.8784594790889
chr1	90000	100000	chr18	31930000	31940000	41.20391578161461
chr1	90000	100000	chr18	60260000	60270000	99.85097621919655
chr1	90000	100000	chr19	330000	340000	44.12624993696565
chr1	90000	100000	chr19	520000	530000	44.88368035675508
chr1	90000	100000	chr19	980000	990000	32.911815245022325
chr1	90000	100000	chr19	7220000	7230000	51.4539397529719
chr1	90000	100000	chr19	49470000	49480000	36.245971801844036
chr1	90000	100000	chr22	31720000	31730000	44.03842585053085
chr1	100000	110000	chr1	100000	110000	0.006553929285109206
chr1	100000	110000	chr1	108610000	108620000	13.201950334721834
chr1	100000	110000	chr1	167360000	167370000	23.087018665041143
chr1	100000	110000	chr1	181940000	181950000	19.524093559616357
chr1	100000	110000	chr1	182920000	182930000	17.319924895899458
chr1	100000	110000	chr1	205600000	205610000	12.744278109541833
chr1	100000	110000	chr1	227710000	227720000	17.965706669024293
chr1	100000	110000	chr1	241790000	241800000	16.10052541157249
chr1	100000	110000	chr1	242050000	242060000	24.3983371837101
chr1	100000	110000	chr1	242840000	242850000	21.209315277522876
chr1	100000	110000	chr2	3560000	3570000	15.169217237901266
chr1	100000	110000	chr2	170510000	170520000	13.24041332518856
chr1	100000	110000	chr2	200880000	200890000	21.719506810266132
chr1	100000	110000	chr2	234280000	234290000	20.427306340464522
chr1	100000	110000	chr3	48370000	48380000	17.024350512382533
chr1	100000	110000	chr3	52300000	52310000	15.284195650249979
chr1	100000	110000	chr3	98820000	98830000	32.38061112329384
chr1	100000	110000	chr3	122490000	122500000	49.332156128291096
chr1	100000	110000	chr3	177540000	177550000	17.802407656631043
chr1	100000	110000	chr4	108640000	108650000	11.781106761320693
chr1	100000	110000	chr4	119100000	119110000	23.705579616935974
chr1	100000	110000	chr5	800000	810000	29.007040148246837
chr1	100000	110000	chr5	3610000	3620000	14.225237592076212
chr1	100000	110000	chr5	36980000	36990000	23.299333308879085
chr1	100000	110000	chr6	170000	180000	15.588666949451403
chr1	100000	110000	chr6	330000	340000	9.49439459561371
chr1	100000	110000	chr6	104150000	104160000	24.66575575376926
chr1	100000	110000	chr6	111690000	111700000	16.527795013471156
chr1	100000	110000	chr6	138750000	138760000	17.212982714346733
chr1	100000	110000	chr6	139070000	139080000	16.747690146074667
chr1	100000	110000	chr6	164180000	164190000	18.885478294554552
chr1	100000	110000	chr6	170260000	170270000	12.24777567170453
chr1	100000	110000	chr7	390000	400000	17.115297505280562
chr1	100000	110000	chr7	470000	480000	18.91354383837111
chr1	100000	110000	chr7	2280000	2290000	28.484764750691145
chr1	100000	110000	chr7	4850000	4860000	18.47800943607213
chr1	100000	110000	chr8	22850000	22860000	15.079418936115037
chr1	100000	110000	chr8	40430000	40440000	64.5551743158989
chr1	100000	110000	chr8	98850000	98860000	18.485136547748972
chr1	100000	110000	chr9	123160000	123170000	16.12489572850713
chr1	100000	110000	chr9	128320000	128330000	5.947643001725421
chr1	100000	110000	chr10	35550000	35560000	16.926082309003622
chr1	100000	110000	chr10	69150000	69160000	17.682935326249996
chr1	100000	110000	chr10	79390000	79400000	10.244340125184827
chr1	100000	110000	chr11	68000000	68010000	13.996516483118098
chr1	100000	110000	chr12	32840000	32850000	19.612342865193934
chr1	100000	110000	chr12	103140000	103150000	41.020487479867356
chr1	100000	110000	chr12	121220000	121230000	13.06298626615189
chr1	100000	110000	chr12	132420000	132430000	25.818353639985993
chr1	100000	110000	chr14	35520000	35530000	26.147182889950127
chr1	100000	110000	chr14	104310000	104320000	32.3869013149491
chr1	100000	110000	chr15	41310000	41320000	17.36554327388517
chr1	100000	110000	chr15	84980000	84990000	27.05987565650673
chr1	100000	110000	chr15	97650000	97660000	25.8167881587412
chr1	100000	110000	chr16	140000	150000	12.225112236103566
chr1	100000	110000	chr16	6240000	6250000	18.793264919965672
chr1	100000	110000	chr16	89710000	89720000	15.390183491952085
chr1	100000	110000	chr17	12720000	12730000	23.71521080474073
chr1	100000	110000	chr17	15450000	15460000	51.707480383828994
chr1	100000	110000	chr17	79280000	79290000	18.525249725828367
chr1	100000	110000	chr18	5090000	5100000	23.392781639858878
chr1	100000	110000	chr18	10160000	10170000	13.548141520498756
chr1	100000	110000	chr19	250000	260000	38.941417289660386
chr1	100000	110000	chr19	260000	270000	17.0007877284519
chr1	100000	110000	chr19	280000	290000	17.732525272163638
chr1	100000	110000	chr19	320000	330000	23.007348669376423
chr1	100000	110000	chr19	1630000	1640000	16.32666710426905
chr1	100000	110000	chr19	5480000	5490000	10.997149437568824
chr1	100000	110000	chr19	8910000	8920000	17.53134621962086
chr1	100000	110000	chr19	11850000	11860000	18.857542865200134
chr1	100000	110000	chr19	14830000	14840000	16.080966635563097
chr1	100000	110000	chr19	18350000	18360000	15.556118307052584
chr1	100000	110000	chr19	34990000	35000000	11.709452709233098
chr1	100000	110000	chr22	19190000	19200000	5.75807585174613
chr1	100000	110000	chrX	53440000	53450000	18.49725710180247
chr1	110000	120000	chr1	110000	120000	0.014370571388018113
chr1	110000	120000	chr1	99620000	99630000	23.856431689029257
chr1	110000	120000	chr1	209760000	209770000	16.940463969679264
chr1	110000	120000	chr3	36170000	36180000	34.98886672369985
chr1	110000	120000	chr3	46730000	46740000	20.94599346020819
chr1	110000	120000	chr3	143030000	143040000	29.728794557811366
chr1	110000	120000	chr5	179720000	179730000	25.64796955746578
chr1	110000	120000	chr6	73030000	73040000	32.225282678779564
chr1	110000	120000	chr7	200000	210000	30.54254570651231
chr1	110000	120000	chr7	270000	280000	28.14554995428643
chr1	110000	120000	chr7	280000	290000	24.123413717237717
chr1	110000	120000	chr7	340000	350000	23.314675653505915
chr1	110000	120000	chr7	720000	730000	17.212771648605564
chr1	110000	120000	chr7	18320000	18330000	27.483064481793114
chr1	110000	120000	chr7	40970000	40980000	54.78413134479662
chr1	110000	120000	chr7	43560000	43570000	20.970355271793274
chr1	110000	120000	chr7	73630000	73640000	18.64329415720977
chr1	110000	120000	chr7	74990000	75000000	16.98308241354208
chr1	110000	120000	chr7	107020000	107030000	16.88982242694391
chr1	110000	120000	chr7	155330000	155340000	17.479976014582626
chr1	110000	120000	chr8	56800000	56810000	50.401343518795834
chr1	110000	120000	chr8	98910000	98920000	24.15041162654883
chr1	110000	120000	chr9	122640000	122650000	37.52886469415346
chr1	110000	120000	chr9	134560000	134570000	21.05513501672191
chr1	110000	120000	chr10	16950000	16960000	32.606171188693175
chr1	110000	120000	chr11	67070000	67080000	44.19294358723835
chr1	110000	120000	chr11	70550000	70560000	19.19011469824816
chr1	110000	120000	chr11	100930000	100940000	33.27820008115878
chr1	110000	120000	chr12	123260000	123270000	21.739549649851355
chr1	110000	120000	chr13	31860000	31870000	41.257732648355265
chr1	110000	120000	chr14	27410000	27420000	57.19664104823798
chr1	110000	120000	chr14	64380000	64390000	26.36013533465159
chr1	110000	120000	chr14	103340000	103350000	29.719981727837677
chr1	110000	120000	chr15	41080000	41090000	30.855239958863667
chr1	110000	120000	chr15	64360000	64370000	26.43636202774396
chr1	110000	120000	chr15	75250000	75260000	57.017402159185075
chr1	110000	120000	chr15	91660000	91670000	21.397913255089538
chr1	110000	120000	chr17	42270000	42280000	26.695800003718464
chr1	110000	120000	chr17	80950000	80960000	46.369089362312074
chr1	110000	120000	chr17	83140000	83150000	32.112988666146826
chr1	110000	120000	chr18	9660000	9670000	18.038055224190188
chr1	110000	120000	chr18	38260000	38270000	39.56886399358103
chr1	110000	120000	chr19	310000	320000	35.8419539876119
chr1	110000	120000	chr19	540000	550000	31.589996618331384
chr1	110000	120000	chr19	46360000	46370000	24.96310329118682
chr1	110000	120000	chr22	41360000	41370000	28.920541303771238
chr1	110000	120000	chrX	48310000	48320000	46.50277547291758
chr1	110000	120000	chrX	54510000	54520000	33.87804889486066
chr1	110000	120000	chrX	139710000	139720000	32.00196663533381
chr1	110000	120000	chrM	0	10000	0.23343290982947454
chr1	110000	120000	chrUn_KI270744v1	70000	80000	44.92339158284041
chr1	120000	130000	chr1	120000	130000	0.01995473547384186
chr1	120000	130000	chr1	29090000	29100000	20.82786442688954
chr1	120000	130000	chr1	107220000	107230000	42.87333865985819
chr1	120000	130000	chr1	231160000	231170000	25.094683356842012
chr1	120000	130000	chr2	39390000	39400000	34.68974960891857
chr1	120000	130000	chr2	118740000	118750000	46.77813193597181
chr1	120000	130000	chr4	73490000	73500000	22.292710221247912
chr1	120000	130000	chr4	76250000	76260000	29.182945308010925
chr1	120000	130000	chr4	141570000	141580000	55.13001612198094
chr1	120000	130000	chr5	134910000	134920000	36.66989626834465
chr1	120000	130000	chr5	148090000	148100000	45.698686461003014
chr1	120000	130000	chr6	34350000	34360000	17.120119424361157
chr1	120000	130000	chr6	106230000	106240000	33.69460059253289
chr1	120000	130000	chr7	380000	390000	24.059024176579836
chr1	120000	130000	chr7	500000	510000	18.95899561339218
chr1	120000	130000	chr7	670000	680000	27.367430369028504
chr1	120000	130000	chr7	860000	870000	24.961487041069038
chr1	120000	130000	chr7	950000	960000	40.982216296697324
chr1	120000	130000	chr7	1380000	1390000	32.928206034585415
chr1	120000	130000	chr7	3510000	3520000	69.36370844698783
chr1	120000	130000	chr7	10130000	10140000	57.76082560674794
chr1	120000	130000	chr7	20400000	20410000	31.37276508017885
chr1	120000	130000	chr7	30500000	30510000	25.238943894499098
chr1	120000	130000	chr7	107320000	107330000	25.18191399740031
chr1	120000	130000	chr7	139140000	139150000	31.1196093489553
chr1	120000	130000	chr7	158970000	158980000	52.76102578804617
chr1	120000	130000	chr8	70080000	70090000	29.268658559348513
chr1	120000	130000	chr9	121300000	121310000	20.658056659370015
chr1	120000	130000	chr10	1050000	1060000	25.772932032049987
chr1	120000	130000	chr10	97100000	97110000	33.40314414600439
chr1	120000	130000	chr14	102870000	102880000	37.215507659695575
chr1	120000	130000	chr15	57930000	57940000	45.34042993877783
chr1	120000	130000	chr15	67950000	67960000	27.85861942084738
chr1	120000	130000	chr17	76450000	76460000	7.429429472092936
chr1	120000	130000	chr18	3300000	3310000	21.980650554188294
chr1	120000	130000	chr18	23040000	23050000	23.44982930188644
chr1	120000	130000	chr19	270000	280000	29.95503644680995
chr1	120000	130000	chr19	520000	530000	30.734314608486972
chr1	120000	130000	chr19	590000	600000	33.47522733225067
chr1	120000	130000	chr19	680000	690000	40.504993056846104
chr1	120000	130000	chr19	1960000	1970000	26.541325864288112
chr1	120000	130000	chr19	2010000	2020000	42.94138521979356
chr1	120000	130000	chr19	11080000	11090000	26.50458898995207
chr1	120000	130000	chr20	690000	700000	28.051481225772935
chr1	120000	130000	chr20	6230000	6240000	44.50757166529262
chr1	120000	130000	chr20	54180000	54190000	29.943415808378198
chr1	120000	130000	chr20	62720000	62730000	19.27955934556756
chr1	130000	140000	chr1	130000	140000	0.0024652511852559303
chr1	130000	140000	chr1	3060000	3070000	13.598433266977612
chr1	130000	140000	chr1	111240000	111250000	7.100987772425142
chr1	130000	140000	chr2	179510000	179520000	15.31122078240774
chr1	130000	140000	chr3	143410000	143420000	12.230817699596514
chr1	130000	140000	chr5	67280000	67290000	10.670583085450158
chr1	130000	140000	chr7	250000	260000	10.696386485801938
chr1	130000	140000	chr7	470000	480000	11.599856667880413
chr1	130000	140000	chr7	480000	490000	9.043424677987334
chr1	130000	140000	chr7	1040000	1050000	8.017482569094295
chr1	130000	140000	chr7	1350000	1360000	11.449497239758886
chr1	130000	140000	chr7	6170000	6180000	19.597045282276817
chr1	130000	140000	chr7	12470000	12480000	14.529622376583825
chr1	130000	140000	chr7	49540000	49550000	17.274082609685188
chr1	130000	140000	chr7	83830000	83840000	17.624097418223226
chr1	130000	140000	chr7	130490000	130500000	12.368443707325262
chr1	130000	140000	chr7	130620000	130630000	12.573364130905835
chr1	130000	140000	chr7	156580000	156590000	9.978134121570735
chr1	130000	140000	chr8	27240000	27250000	6.813294813630195
chr1	130000	140000	chr8	58800000	58810000	11.729792490963161
chr1	130000	140000	chr9	91130000	91140000	14.622460326544333
chr1	130000	140000	chr9	112650000	112660000	9.728175797557718
chr1	130000	140000	chr10	12040000	12050000	9.325398136243402
chr1	130000	140000	chr10	107870000	107880000	28.462351186578466
chr1	130000	140000	chr11	120000	130000	498.7161610432864
chr1	130000	140000	chr11	61470000	61480000	7.133527220881689
chr1	130000	140000	chr11	67780000	67790000	14.68847410940237
chr1	130000	140000	chr11	70230000	70240000	16.206057852256556
chr1	130000	140000	chr12	122340000	122350000	9.547020655289579
chr1	130000	140000	chr12	124990000	125000000	7.737827700308035
chr1	130000	140000	chr13	97960000	97970000	14.946803322166115
chr1	130000	140000	chr14	31040000	31050000	15.617925595551872
chr1	130000	140000	chr15	36180000	36190000	17.043707435570596
chr1	130000	140000	chr17	8170000	8180000	12.021704749706734
chr1	130000	140000	chr17	63570000	63580000	8.093303016945878
chr1	130000	140000	chr19	280000	290000	10.875526727009209
chr1	130000	140000	chr19	1050000	1060000	11.44506044519571
chr1	130000	140000	chr19	1170000	1180000	11.20010526322044
chr1	130000	140000	chr19	17460000	17470000	7.773051668526111
chr1	130000	140000	chr19	23920000	23930000	19.88966825784421
chr1	130000	140000	chr19	35870000	35880000	7.259408116868242
chr1	130000	140000	chr19	58230000	58240000	10.278388119733387
chr1	130000	140000	chr20	50690000	50700000	8.147302874456544
chr1	130000	140000	chrUn_KI270745v1	20000	30000	493.9765654839255
chr1	140000	150000	chr1	140000	150000	1.0345430836936573
chr1	140000	150000	chr3	44720000	44730000	172.5058448728134
chr1	140000	150000	chr3	137850000	137860000	147.04435655927753
chr1	140000	150000	chr3	197980000	197990000	230.3882841620738
chr1	140000	150000	chr6	152900000	152910000	218.66190705413325
chr1	140000	150000	chr7	154450000	154460000	195.17102194803374
chr1	140000	150000	chr18	2610000	2620000	152.58092327889904
chr1	140000	150000	chr18	23260000	23270000	150.9009077294083
chr1	140000	150000	chr19	41890000	41900000	228.65721834150196
chr1	150000	160000	chr1	150000	160000	0.18121043609549736
chr1	150000	160000	chr3	48120000	48130000	60.7312172772687
chr1	150000	160000	chr3	67020000	67030000	88.67759319622772
chr1	150000	160000	chr3	141470000	141480000	70.50927286642218
chr1	150000	160000	chr3	185900000	185910000	93.2931295871063
chr1	150000	160000	chr3	197330000	197340000	67.49760635725029
chr1	150000	160000	chr3	197630000	197640000	246.6629394673008
chr1	150000	160000	chr3	197850000	197860000	239.39070371746686
chr1	150000	160000	chr8	6890000	6900000	39.93261809227608
chr1	150000	160000	chr8	95080000	95090000	74.9199310312893
chr1	150000	160000	chr8	144990000	145000000	69.127171473201
chr1	150000	160000	chr9	125350000	125360000	65.00215395909598
chr1	150000	160000	chr9	137340000	137350000	99.23032304230752
chr1	150000	160000	chr11	61540000	61550000	85.9202351597694
chr1	150000	160000	chr16	86000000	86010000	103.18418444564973
chr1	150000	160000	chr17	43150000	43160000	92.6847111264766
chr1	160000	170000	chr1	160000	170000	1496.9450050952928
chr1	170000	180000	chr1	170000	180000	1496.9450050952928
chr1	180000	190000	chr1	180000	190000	195.5436950366155
chr1	180000	190000	chr1	7800000	7810000	9.659050050969663
chr1	180000	190000	chr1	156800000	156810000	6.280346252852649
chr1	180000	190000	chr1	171610000	171620000	6.578621718607545
chr1	180000	190000	chr1	231250000	231260000	8.319706248524422
chr1	180000	190000	chr2	26350000	26360000	7.5396935914912335
chr1	180000	190000	chr2	171590000	171600000	7.303607387756269
chr1	180000	190000	chr2	201340000	201350000	11.838343194112985
chr1	180000	190000	chr2	213500000	213510000	24.945374548696105
chr1	180000	190000	chr3	49300000	49310000	10.790330436715106
chr1	180000	190000	chr3	103040000	103050000	25.960498373400043
chr1	180000	190000	chr3	139780000	139790000	11.32643321621332
chr1	180000	190000	chr3	141800000	141810000	8.794573889103924
chr1	180000	190000	chr3	149420000	149430000	11.633135652036652
chr1	180000	190000	chr3	158060000	158070000	17.39205093054521
chr1	180000	190000	chr3	196080000	196090000	22.46592635425146
chr1	180000	190000	chr3	197690000	197700000	17.009721680636893
chr1	180000	190000	chr3	197800000	197810000	5.854081331062911
chr1	180000	190000	chr3	197910000	197920000	9.160824681161332
chr1	180000	190000	chr3	197920000	197930000	9.21204573309092
chr1	180000	190000	chr3	197950000	197960000	9.678992515245017
chr1	180000	190000	chr3	197990000	198000000	10.516454462203775
chr1	180000	190000	chr3	198040000	198050000	13.823932308427745
chr1	180000	190000	chr4	5250000	5260000	9.07415093521998
chr1	180000	190000	chr4	45330000	45340000	20.40280764017794
chr1	180000	190000	chr4	117120000	117130000	18.7960041237225
chr1	180000	190000	chr4	122790000	122800000	8.981778074766321
chr1	180000	190000	chr4	135060000	135070000	19.924774558149554
chr1	180000	190000	chr4	190120000	190130000	72.80380363139398
chr1	180000	190000	chr5	10000	20000	15.875581111787863
chr1	180000	190000	chr5	138410000	138420000	9.302326820064927
chr1	180000	190000	chr5	179910000	179920000	7.4090237658533225
chr1	180000	190000	chr6	150000	160000	10.73365053214446
chr1	180000	190000	chr6	160000	170000	7.894796890264544
chr1	180000	190000	chr6	300000	310000	1.6966964396766384
chr1	180000	190000	chr6	320000	330000	6.30984142444379
chr1	180000	190000	chr6	360000	370000	5.419977208193987
chr1	180000	190000	chr6	450000	460000	7.706031303961802
chr1	180000	190000	chr6	520000	530000	15.972226433500794
chr1	180000	190000	chr6	680000	690000	7.614652651685458
chr1	180000	190000	chr6	1530000	1540000	7.656250201578321
chr1	180000	190000	chr6	2070000	2080000	10.130659159255126
chr1	180000	190000	chr6	2110000	2120000	11.488354292752414
chr1	180000	190000	chr6	2660000	2670000	6.0728804354158745
chr1	180000	190000	chr6	2670000	2680000	8.119762258651155
chr1	180000	190000	chr6	2910000	2920000	6.46282714663926
chr1	180000	190000	chr6	2960000	2970000	6.150369598083577
chr1	180000	190000	chr6	5020000	5030000	6.00818073645973
chr1	180000	190000	chr6	5530000	5540000	11.22453733250056
chr1	180000	190000	chr6	6280000	6290000	9.38107751258161
chr1	180000	190000	chr6	7370000	7380000	7.6856336319761835
chr1	180000	190000	chr6	9880000	9890000	19.36982728707124
chr1	180000	190000	chr6	10500000	10510000	8.946225373016166
chr1	180000	190000	chr6	12390000	12400000	12.394142733047795
chr1	180000	190000	chr6	14320000	14330000	7.88472436627715
chr1	180000	190000	chr6	28160000	28170000	1.8977467821419607
chr1	180000	190000	chr6	34550000	34560000	6.196791144057982
chr1	180000	190000	chr6	71200000	71210000	11.303405283989994
chr1	180000	190000	chr6	84160000	84170000	12.446279234015037
chr1	180000	190000	chr7	7160000	7170000	13.76059507881224
chr1	180000	190000	chr7	105670000	105680000	5.649804304625598
chr1	180000	190000	chr7	151860000	151870000	8.374689026007603
chr1	180000	190000	chr8	79840000	79850000	8.838557329721818
chr1	180000	190000	chr8	101700000	101710000	7.8583375064172545
chr1	180000	190000	chr8	118150000	118160000	13.500273953075725
chr1	180000	190000	chr9	10000000	10010000	24.26991579318502
chr1	180000	190000	chr9	92480000	92490000	14.750417235375142
chr1	180000	190000	chr10	3940000	3950000	8.67567032759832
chr1	180000	190000	chr10	97050000	97060000	10.902426028993208
chr1	180000	190000	chr10	97330000	97340000	11.84519850725901
chr1	180000	190000	chr11	320000	330000	10.326745023948442
chr1	180000	190000	chr11	860000	870000	15.941751836111592
chr1	180000	190000	chr11	17410000	17420000	8.660643785843504
chr1	180000	190000	chr11	71990000	72000000	16.600705398383273
chr1	180000	190000	chr11	77460000	77470000	14.882905257298946
chr1	180000	190000	chr11	112080000	112090000	7.284083126816059
chr1	180000	190000	chr12	190000	200000	11.165154213033377
chr1	180000	190000	chr12	230000	240000	12.649816628921162
chr1	180000	190000	chr12	930000	940000	12.023771400061227
chr1	180000	190000	chr12	4610000	4620000	12.597174720051818
chr1	180000	190000	chr12	43890000	43900000	12.310198309558068
chr1	180000	190000	chr12	132960000	132970000	10.150785713361142
chr1	180000	190000	chr13	89030000	89040000	26.319228158346355
chr1	180000	190000	chr15	40740000	40750000	8.288497342187245
chr1	180000	190000	chr15	78140000	78150000	8.444571496365542
chr1	180000	190000	chr15	88040000	88050000	13.91840820652161
chr1	180000	190000	chr15	100400000	100410000	10.842010992551415
chr1	180000	190000	chr15	101300000	101310000	11.159647968492338
chr1	180000	190000	chr16	5080000	5090000	12.908492504709884
chr1	180000	190000	chr16	73940000	73950000	12.71940467894479
chr1	180000	190000	chr16	87200000	87210000	8.934934293594234
chr1	180000	190000	chr17	13930000	13940000	3.2186151303863326
chr1	180000	190000	chr17	40350000	40360000	8.532879690473935
chr1	180000	190000	chr17	64340000	64350000	7.904940249747133
chr1	180000	190000	chr17	82260000	82270000	9.564854317017673
chr1	180000	190000	chr18	500000	510000	8.136367310652124
chr1	180000	190000	chr18	22920000	22930000	15.319712293656655
chr1	180000	190000	chr18	36750000	36760000	10.03990391059129
chr1	180000	190000	chr19	330000	340000	9.458643173287735
chr1	180000	190000	chr19	700000	710000	7.883299682117013
chr1	180000	190000	chr19	7720000	7730000	7.285322881647619
chr1	180000	190000	chr19	10380000	10390000	7.664746345628441
chr1	180000	190000	chr19	19430000	19440000	6.445864905938199
chr1	180000	190000	chr19	38950000	38960000	16.14362782625166
chr1	180000	190000	chr19	45090000	45100000	3.817135395111994
chr1	180000	190000	chr19	49370000	49380000	8.245808803752297
chr1	180000	190000	chr20	8760000	8770000	12.66144390891387
chr1	180000	190000	chr20	63870000	63880000	7.289459757894678
chr1	180000	190000	chr21	46600000	46610000	5.41420933461852
chr1	180000	190000	chr22	50500000	50510000	12.385307623954478
chr1	180000	190000	chr12_GL877875v1_alt	40000	50000	39.29907109800229
chr1	180000	190000	chrUn_JTFH01000602v1_decoy	0	1394	25.313737633215666
chr1	190000	200000	chr1	190000	200000	0.00354163246180893
chr1	190000	200000	chr1	2170000	2180000	8.523036411651082
chr1	190000	200000	chr1	21660000	21670000	8.993216795560977
chr1	190000	200000	chr1	32090000	32100000	9.566149886561568
chr1	190000	200000	chr1	112870000	112880000	10.500786531657118
chr1	190000	200000	chr1	116670000	116680000	7.0481931850243695
chr1	190000	200000	chr1	153370000	153380000	10.325772210923454
chr1	190000	200000	chr2	3150000	3160000	11.393147519713041
chr1	190000	200000	chr2	72940000	72950000	13.370488159761186
chr1	190000	200000	chr2	84990000	85000000	11.256393596630188
chr1	190000	200000	chr2	117330000	117340000	18.438697620514763
chr1	190000	200000	chr3	15330000	15340000	7.832676549364168
chr1	190000	200000	chr3	129070000	129080000	26.321695034192672
chr1	190000	200000	chr5	177440000	177450000	13.807782374415975
chr1	190000	200000	chr6	160000	170000	21.249707900539107
chr1	190000	200000	chr6	210000	220000	8.182322116777089
chr1	190000	200000	chr6	230000	240000	6.178919023687152
chr1	190000	200000	chr6	640000	650000	13.380018209360209
chr1	190000	200000	chr6	1490000	1500000	9.720021942217928
chr1	190000	200000	chr6	1680000	1690000	9.657834692979181
chr1	190000	200000	chr6	3130000	3140000	9.665118349794213
chr1	190000	200000	chr6	4970000	4980000	11.244341734574165
chr1	190000	200000	chr6	11770000	11780000	9.477195101761646
chr1	190000	200000	chr6	24350000	24360000	12.04247450901709
chr1	190000	200000	chr6	42840000	42850000	10.122792592068478
chr1	190000	200000	chr6	149900000	149910000	7.75253610027459
chr1	190000	200000	chr7	24560000	24570000	16.45504373888282
chr1	190000	200000	chr7	105510000	105520000	9.745103572389313
chr1	190000	200000	chr8	11360000	11370000	7.19734883831151
chr1	190000	200000	chr9	109240000	109250000	10.453815710950627
chr1	190000	200000	chr9	127200000	127210000	7.968766165341101
chr1	190000	200000	chr10	11980000	11990000	11.347090505885907
chr1	190000	200000	chr10	16550000	16560000	11.12878632149526
chr1	190000	200000	chr10	49590000	49600000	16.61815530104842
chr1	190000	200000	chr10	69740000	69750000	9.436623701601688
chr1	190000	200000	chr10	101760000	101770000	16.275241416129912
chr1	190000	200000	chr12	60000	70000	110.5592455933733
chr1	190000	200000	chr12	180000	190000	18.326921385150147
chr1	190000	200000	chr12	190000	200000	15.026115870314854
chr1	190000	200000	chr12	200000	210000	17.340775970561126
chr1	190000	200000	chr12	220000	230000	12.816815621885922
chr1	190000	200000	chr12	240000	250000	15.781683214831709
chr1	190000	200000	chr12	250000	260000	16.29784582599142
chr1	190000	200000	chr12	420000	430000	16.518917667228347
chr1	190000	200000	chr12	550000	560000	11.560563023956847
chr1	190000	200000	chr12	560000	570000	11.577214521178766
chr1	190000	200000	chr12	690000	700000	18.065879254637363
chr1	190000	200000	chr12	910000	920000	14.668598213484707
chr1	190000	200000	chr12	970000	980000	21.608217599469388
chr1	190000	200000	chr12	1190000	1200000	14.905389607999565
chr1	190000	200000	chr12	1350000	1360000	14.057073681484551
chr1	190000	200000	chr12	1440000	1450000	32.12055832151202
chr1	190000	200000	chr12	1580000	1590000	10.386723570510382
chr1	190000	200000	chr12	2730000	2740000	13.3238473846065
chr1	190000	200000	chr12	3630000	3640000	16.118313950949798
chr1	190000	200000	chr12	4610000	4620000	16.953335652197307
chr1	190000	200000	chr12	4970000	4980000	14.476381441729684
chr1	190000	200000	chr12	5540000	5550000	20.62595058730509
chr1	190000	200000	chr12	6870000	6880000	17.304057543996038
chr1	190000	200000	chr12	10530000	10540000	13.05922911839245
chr1	190000	200000	chr12	21650000	21660000	13.946005696190017
chr1	190000	200000	chr12	49430000	49440000	15.284737827710995
chr1	190000	200000	chr12	123390000	123400000	20.895182352766273
chr1	190000	200000	chr12	129260000	129270000	15.907808024324067
chr1	190000	200000	chr14	105040000	105050000	12.688562581014331
chr1	190000	200000	chr15	40240000	40250000	24.403022686720664
chr1	190000	200000	chr17	17840000	17850000	17.795652624654085
chr1	190000	200000	chr17	29430000	29440000	13.651372214260908
chr1	190000	200000	chr17	35260000	35270000	11.655817825258143
chr1	190000	200000	chr19	51430000	51440000	11.343316049375417
chr1	190000	200000	chr20	44760000	44770000	17.080487752166725
chr1	190000	200000	chr20	53130000	53140000	13.134935651867666
chr1	190000	200000	chr20	62210000	62220000	29.281819986214348
chr1	190000	200000	chr20	63250000	63260000	22.576332664017542
chr1	190000	200000	chr20	63310000	63320000	14.977737090557381
chr1	190000	200000	chr20	63550000	63560000	10.520524847452336
chr1	190000	200000	chr20	64330000	64340000	187.189573126261
chr1	190000	200000	chr21	32060000	32070000	9.23736413320164
chr1	190000	200000	chr21	43850000	43860000	5.981800512839392
chr1	190000	200000	chr22	20480000	20490000	3.6465597017039904
chr1	190000	200000	chr22	28710000	28720000	15.979621298522149
chr1	190000	200000	chr22	39920000	39930000	17.15847876388187
chr1	190000	200000	chr12_GL877875v1_alt	40000	50000	52.888870556306635
chr1	190000	200000	chr12_GL877875v1_alt	50000	60000	53.55893142636834
chr1	200000	210000	chr1	200000	210000	433.8946087086765
chr1	200000	210000	chr8	129470000	129480000	1063.0503953093353
chr1	210000	220000	chr1	210000	220000	1496.9450050952928
chr1	220000	230000	chr1	220000	230000	1496.9450050952928
chr1	230000	240000	chr1	230000	240000	1496.9450050952928
chr1	240000	250000	chr1	240000	250000	1496.9450050952928
chr1	250000	260000	chr1	250000	260000	294.202183041213
chr1	250000	260000	chr2	114310000	114320000	1202.7428218515197
chr1	260000	270000	chr1	260000	270000	505.44098248469993
chr1	260000	270000	chr1	28090000	28100000	6.940324551668491
chr1	260000	270000	chr1	45790000	45800000	13.040347862528149
chr1	260000	270000	chr1	93910000	93920000	17.75809799727586
chr1	260000	270000	chr1	213160000	213170000	24.130140533605722
chr1	260000	270000	chr1	229510000	229520000	13.873237410625007
chr1	260000	270000	chr2	46610000	46620000	13.29631319120802
chr1	260000	270000	chr3	14510000	14520000	10.899615698809763
chr1	260000	270000	chr3	52320000	52330000	14.612399089312122
chr1	260000	270000	chr3	101740000	101750000	25.920223225827595
chr1	260000	270000	chr5	9970000	9980000	14.593112734079055
chr1	260000	270000	chr5	150050000	150060000	21.051661926535775
chr1	260000	270000	chr5	170060000	170070000	13.44433047161614
chr1	260000	270000	chr6	117350000	117360000	18.52948858800787
chr1	260000	270000	chr6	125160000	125170000	12.22416680002449
chr1	260000	270000	chr7	1730000	1740000	12.449935238309013
chr1	260000	270000	chr7	140200000	140210000	11.978381760103627
chr1	260000	270000	chr7	151840000	151850000	10.14459853962824
chr1	260000	270000	chr7	158560000	158570000	7.275638773594075
chr1	260000	270000	chr8	6620000	6630000	12.992668399303193
chr1	260000	270000	chr8	30140000	30150000	13.074469127086953
chr1	260000	270000	chr8	96570000	96580000	16.17215273669519
chr1	260000	270000	chr11	43690000	43700000	13.392481321136154
chr1	260000	270000	chr11	66360000	66370000	12.953951346687422
chr1	260000	270000	chr15	65880000	65890000	11.269246545063517
chr1	260000	270000	chr15	68720000	68730000	16.006223816143336
chr1	260000	270000	chr15	76580000	76590000	20.58681995589425
chr1	260000	270000	chr16	40000	50000	12.227357863597629
chr1	260000	270000	chr16	23790000	23800000	10.410315070051542
chr1	260000	270000	chr16	69340000	69350000	16.624152966056716
chr1	260000	270000	chr16	88120000	88130000	24.729518432800763
chr1	260000	270000	chr17	4730000	4740000	15.702879706498916
chr1	260000	270000	chr17	32860000	32870000	18.612083737441168
chr1	260000	270000	chr17	77720000	77730000	11.32854990157377
chr1	260000	270000	chr17	82120000	82130000	15.142183943047527
chr1	260000	270000	chr18	21540000	21550000	13.925840251096263
chr1	260000	270000	chr18	58680000	58690000	21.63738255424855
chr1	260000	270000	chr20	90000	100000	18.822632000942164
chr1	260000	270000	chr20	110000	120000	22.65470515380575
chr1	260000	270000	chr20	190000	200000	22.063751771160035
chr1	260000	270000	chr20	210000	220000	40.934331108234076
chr1	260000	270000	chr20	240000	250000	22.965154378696113
chr1	260000	270000	chr20	290000	300000	15.033805558224053
chr1	260000	270000	chr20	300000	310000	12.85203715944824
chr1	260000	270000	chr20	320000	330000	18.08607689920178
chr1	260000	270000	chr20	400000	410000	13.027710273131985
chr1	260000	270000	chr20	940000	950000	15.307385494864699
chr1	260000	270000	chr20	2190000	2200000	18.869258824013997
chr1	260000	270000	chr20	2500000	2510000	25.567002297644976
chr1	260000	270000	chr20	2510000	2520000	12.79882111862896
chr1	260000	270000	chr20	2560000	2570000	21.285700282450563
chr1	260000	270000	chr20	2690000	2700000	21.95262451016655
chr1	260000	270000	chr20	3370000	3380000	13.515778130195322
chr1	260000	270000	chr20	11650000	11660000	27.467977146090764
chr1	260000	270000	chr20	21160000	21170000	25.089315834265918
chr1	260000	270000	chr20	31680000	31690000	9.73413860476688
chr1	260000	270000	chr20	35630000	35640000	11.051468193747596
chr1	260000	270000	chr20	37210000	37220000	15.727786460258532
chr1	260000	270000	chr20	49710000	49720000	8.962128908579471
chr1	260000	270000	chr20	50110000	50120000	6.396004483457863
chr1	260000	270000	chr21	46530000	46540000	12.904615545950593
chr1	260000	270000	chrX	1610000	1620000	19.483520746493195
chr1	270000	280000	chr1	270000	280000	0.020342212576454657
chr1	270000	280000	chr1	247310000	247320000	20.254788544585992
chr1	270000	280000	chr2	9370000	9380000	22.365775599001818
chr1	270000	280000	chr2	113590000	113600000	196.1582071690495
chr1	270000	280000	chr4	83630000	83640000	24.115277317018492
chr1	270000	280000	chr4	94630000	94640000	33.01707849107896
chr1	270000	280000	chr5	83020000	83030000	37.09091738829053
chr1	270000	280000	chr5	86500000	86510000	44.95950088528208
chr1	270000	280000	chr6	330000	340000	16.726901367574072
chr1	270000	280000	chr6	82540000	82550000	62.72553514437677
chr1	270000	280000	chr6	136540000	136550000	26.05308240477214
chr1	270000	280000	chr7	480000	490000	25.97774394569487
chr1	270000	280000	chr7	6380000	6390000	29.79733709548032
chr1	270000	280000	chr7	65100000	65110000	66.87958650401364
chr1	270000	280000	chr8	43000000	43010000	39.64385649534347
chr1	270000	280000	chr8	76880000	76890000	45.255917820754625
chr1	270000	280000	chr11	1510000	1520000	41.33906161461549
chr1	270000	280000	chr13	27140000	27150000	8.741516988045195
chr1	270000	280000	chr15	67240000	67250000	36.55528012312191
chr1	270000	280000	chr16	69560000	69570000	28.07982961225633
chr1	270000	280000	chr16	86950000	86960000	19.460936089688
chr1	270000	280000	chr17	76450000	76460000	7.501214267061495
chr1	270000	280000	chr17	77210000	77220000	23.097841576271346
chr1	270000	280000	chr19	52030000	52040000	35.92816052782019
chr1	270000	280000	chr20	60000	70000	111.54035963749054
chr1	270000	280000	chr20	200000	210000	40.975875255987134
chr1	270000	280000	chr20	220000	230000	35.199459782989976
chr1	270000	280000	chr20	230000	240000	30.59509568376577
chr1	270000	280000	chr20	370000	380000	24.37954736579455
chr1	270000	280000	chr20	500000	510000	40.03035591533936
chr1	270000	280000	chr20	650000	660000	22.85244351945956
chr1	270000	280000	chr20	820000	830000	27.3417988162164
chr1	270000	280000	chr20	1310000	1320000	25.378385123685025
chr1	270000	280000	chr20	1530000	1540000	39.250854556703686
chr1	270000	280000	chr20	2820000	2830000	58.776308910226476
chr1	270000	280000	chr20	9070000	9080000	45.12893256647188
chr1	270000	280000	chr20	38120000	38130000	27.67677509562342
chr1	270000	280000	chr21	25740000	25750000	34.30685259309979
chr1	270000	280000	chr21	35400000	35410000	18.98085682558534
chr1	270000	280000	chr21	45560000	45570000	22.78541626154327
chr1	280000	290000	chr1	280000	290000	0.022418305026901626
chr1	280000	290000	chr1	39460000	39470000	23.018903642481405
chr1	280000	290000	chr1	111030000	111040000	29.446515471709247
chr1	280000	290000	chr1	173430000	173440000	24.21302497864966
chr1	280000	290000	chr2	171520000	171530000	25.690890552546445
chr1	280000	290000	chr2	197700000	197710000	33.68465389798119
chr1	280000	290000	chr3	48240000	48250000	30.98392108009932
chr1	280000	290000	chr3	197000000	197010000	28.0746657843463
chr1	280000	290000	chr6	147440000	147450000	18.288103974084038
chr1	280000	290000	chr7	1390000	1400000	23.391597808768385
chr1	280000	290000	chr7	150410000	150420000	20.50179657237579
chr1	280000	290000	chr8	55860000	55870000	33.65156372146776
chr1	280000	290000	chr8	62140000	62150000	49.16691061178465
chr1	280000	290000	chr8	131420000	131430000	48.55701710713646
chr1	280000	290000	chr10	5400000	5410000	27.26262457542297
chr1	280000	290000	chr10	95490000	95500000	28.551034577173226
chr1	280000	290000	chr11	71970000	71980000	28.088048182321515
chr1	280000	290000	chr12	123420000	123430000	28.831328267262613
chr1	280000	290000	chr13	93340000	93350000	14.084532695194323
chr1	280000	290000	chr15	56060000	56070000	42.55630315350006
chr1	280000	290000	chr17	57180000	57190000	27.12870233148914
chr1	280000	290000	chr17	61690000	61700000	47.60291392434984
chr1	280000	290000	chr17	78600000	78610000	34.777385623944625
chr1	280000	290000	chr18	9790000	9800000	21.2573074981143
chr1	280000	290000	chr18	79720000	79730000	83.17434065692085
chr1	280000	290000	chr20	80000	90000	47.01419085496929
chr1	280000	290000	chr20	150000	160000	36.56270680522555
chr1	280000	290000	chr20	230000	240000	32.118415239833595
chr1	280000	290000	chr20	310000	320000	36.37223536697551
chr1	280000	290000	chr20	450000	460000	35.10052147171547
chr1	280000	290000	chr20	510000	520000	31.632959822387885
chr1	280000	290000	chr20	550000	560000	29.978211850255335
chr1	280000	290000	chr20	760000	770000	28.542990198789205
chr1	280000	290000	chr20	1280000	1290000	27.695050668006296
chr1	280000	290000	chr20	4120000	4130000	37.03784449645403
chr1	280000	290000	chr20	5410000	5420000	43.65841568824634
chr1	280000	290000	chr20	9900000	9910000	48.70796810910302
chr1	280000	290000	chr20	16260000	16270000	40.19363556422633
chr1	280000	290000	chr20	16590000	16600000	41.38772687323022
chr1	280000	290000	chr20	23200000	23210000	30.26713344327864
chr1	280000	290000	chr20	33580000	33590000	28.026556870875904
chr1	280000	290000	chr20	37680000	37690000	58.21810040980191
chr1	280000	290000	chr20	51750000	51760000	34.45190265915232
chr1	280000	290000	chr20	63910000	63920000	30.57718825530943
chr1	280000	290000	chr22	45450000	45460000	27.3947460468846
chr1	290000	300000	chr1	290000	300000	382.1774435436174
chr1	290000	300000	chr20	1630000	1640000	1114.767559100748
chr1	300000	310000	chr1	300000	310000	1496.9450050952928
chr1	310000	320000	chr1	310000	320000	1496.9450050952928
chr1	320000	330000	chr1	320000	330000	1496.9450050952928
chr1	330000	340000	chr1	330000	340000	1496.9450050952928
chr1	340000	350000	chr1	340000	350000	1496.9450050952928
chr1	350000	360000	chr1	350000	360000	1496.9450050952928
chr1	360000	370000	chr1	360000	370000	377.93926629122177
chr1	360000	370000	chr7	76260000	76270000	1119.0057368979742
chr1	370000	380000	chr1	370000	380000	1496.9450050952928
chr1	380000	390000	chr1	380000	390000	1496.9450050952928
chr1	390000	400000	chr1	390000	400000	1496.9450050952928
chr1	400000	410000	chr1	400000	410000	1496.9450050952928
chr1	410000	420000	chr1	410000	420000	0.8698031835966464
chr1	410000	420000	chr1	19610000	19620000	155.12122404448843
chr1	410000	420000	chr6	150000	160000	226.3800807744648
chr1	410000	420000	chr6	230000	240000	96.83252471164874
chr1	410000	420000	chr6	9170000	9180000	216.56826385298763
chr1	410000	420000	chr7	7750000	7760000	164.6196828336823
chr1	410000	420000	chr7	23690000	23700000	173.5333837716609
chr1	410000	420000	chr8	23220000	23230000	194.50313868424502
chr1	410000	420000	chr17	53970000	53980000	268.51690383330197
chr1	420000	430000	chr1	420000	430000	1496.9450050952928
chr1	430000	440000	chr1	430000	440000	1496.9450050952928
chr1	440000	450000	chr1	440000	450000	1496.9450050952928
chr1	450000	460000	chr1	450000	460000	1496.9450050952928
chr1	460000	470000	chr1	460000	470000	0.33645860742916883
chr1	460000	470000	chr1	32290000	32300000	81.85008830844374
chr1	460000	470000	chr2	94940000	94950000	82.9652454938271
chr1	460000	470000	chr5	76830000	76840000	103.24445176108163
chr1	460000	470000	chr5	180200000	180210000	112.07276548891174
chr1	460000	470000	chr5	180280000	180290000	92.33426212535662
chr1	460000	470000	chr5	180730000	180740000	114.22258027099436
chr1	460000	470000	chr5	181030000	181040000	138.54379609739846
chr1	460000	470000	chr5	181270000	181280000	150.50104521374982
chr1	460000	470000	chr7	101210000	101220000	80.45212862914492
chr1	460000	470000	chr10	10290000	10300000	169.74107062740725
chr1	460000	470000	chr11	18820000	18830000	140.90269114237012
chr1	460000	470000	chr11	44780000	44790000	105.23553481037779
chr1	460000	470000	chr16	65570000	65580000	124.54288620652576
chr1	470000	480000	chr1	470000	480000	1496.9450050952928
chr1	480000	490000	chr1	480000	490000	1496.9450050952928
chr1	490000	500000	chr1	490000	500000	1496.9450050952928
chr1	500000	510000	chr1	500000	510000	0.06265186696555775
chr1	500000	510000	chr1	1980000	1990000	44.29887054018945
chr1	500000	510000	chr1	10980000	10990000	40.57432350218901
chr1	500000	510000	chr1	40950000	40960000	30.351315530915638
chr1	500000	510000	chr1	212500000	212510000	46.84779651304111
chr1	500000	510000	chr2	218710000	218720000	49.60680918423049
chr1	500000	510000	chr2	239460000	239470000	65.29919444385483
chr1	500000	510000	chr3	141330000	141340000	35.76886564272542
chr1	500000	510000	chr6	155950000	155960000	63.08594464770532
chr1	500000	510000	chr6	170260000	170270000	37.86808613123951
chr1	500000	510000	chr7	470000	480000	58.47753308978877
chr1	500000	510000	chr7	890000	900000	115.29723884509538
chr1	500000	510000	chr7	1060000	1070000	65.75701146281689
chr1	500000	510000	chr7	6500000	6510000	23.34477069913784
chr1	500000	510000	chr7	28810000	28820000	70.68967728276894
chr1	500000	510000	chr7	39550000	39560000	44.27910461897089
chr1	500000	510000	chr7	44750000	44760000	83.56669887347753
chr1	500000	510000	chr7	158690000	158700000	37.435491637783585
chr1	500000	510000	chr8	37970000	37980000	37.84432725642746
chr1	500000	510000	chr9	97510000	97520000	49.878340548621225
chr1	500000	510000	chr11	65440000	65450000	44.97669674704392
chr1	500000	510000	chr12	30810000	30820000	55.38959380228003
chr1	500000	510000	chr16	160000	170000	88.66457789532332
chr1	500000	510000	chr17	39390000	39400000	56.315982089776
chr1	500000	510000	chr19	280000	290000	54.82602003251922
chr1	500000	510000	chr19	8090000	8100000	51.87662984396635
chr1	500000	510000	chr22	40670000	40680000	49.79446814079625
chr1	500000	510000	chrX	76240000	76250000	94.76698418995785
chr1	510000	520000	chr1	510000	520000	1.434582151231619
chr1	510000	520000	chr1	12100000	12110000	149.58790617398665
chr1	510000	520000	chr2	231560000	231570000	280.45723357879973
chr1	510000	520000	chr3	148900000	148910000	313.13838737939903
chr1	510000	520000	chr7	31160000	31170000	299.65992790051774
chr1	510000	520000	chr16	390000	400000	122.07579039249639
chr1	510000	520000	chr16	53220000	53230000	330.5911770179736
chr1	520000	530000	chr1	520000	530000	0.893234761036007
chr1	520000	530000	chr1	20130000	20140000	156.5639100695188
chr1	520000	530000	chr1	205740000	205750000	150.64478120663978
chr1	520000	530000	chr7	200000	210000	240.7969723756892
chr1	520000	530000	chr7	1950000	1960000	187.6441706163092
chr1	520000	530000	chr7	150910000	150920000	121.40157445110808
chr1	520000	530000	chr9	84900000	84910000	299.4697811654891
chr1	520000	530000	chr11	118740000	118750000	167.9432246239729
chr1	520000	530000	chr12	50080000	50090000	171.5873524811332
chr1	530000	540000	chr1	530000	540000	0.9638116916435384
chr1	530000	540000	chr1	205760000	205770000	179.11956848588028
chr1	530000	540000	chr7	580000	590000	195.847079152701
chr1	530000	540000	chr7	73630000	73640000	152.67985151303844
chr1	530000	540000	chr7	135140000	135150000	136.31260767963226
